[
  {
    "Id": 1,
    "Recipient": "Alice Johnson",
    "StreetName": "Maple Street",
    "HouseNumber": "204",
    "City": "Springfield",
    "State": "Illinois",
    "ZipCode": "62704",
    "Country": "USA"
  },
  {
    "Id": 2,
    "Recipient": "Bob Smith",
    "StreetName": "Oak Avenue",
    "HouseNumber": "558",
    "City": "Raleigh",
    "State": "North Carolina",
    "ZipCode": "27601",
    "Country": "USA"
  },
  {
    "Id": 3,
    "Recipient": "Carlos Rodriguez",
    "StreetName": "Gran Via",
    "HouseNumber": "32",
    "City": "Madrid",
    "State": "",
    "ZipCode": "28013",
    "Country": "Spain"
  },
  {
    "Id": 4,
    "Recipient": "Sophie Dubois",
    "StreetName": "Rue de Rivoli",
    "HouseNumber": "45",
    "City": "Paris",
    "State": "�le-de-France",
    "ZipCode": "75001",
    "Country": "France"
  },
  {
    "Id": 5,
    "Recipient": "Liu Wei",
    "StreetName": "Dongzhimen Outer Street",
    "HouseNumber": "220",
    "City": "Beijing",
    "State": "",
    "ZipCode": "100027",
    "Country": "China"
  },
  {
    "Id": 6,
    "Recipient": "John Smith",
    "StreetName": "755 Davion Crossing",
    "HouseNumber": 302,
    "City": "Lake Delphastad",
    "State": "Delaware",
    "ZipCode": "28897",
    "Country": "USA"
  },
  {
    "Id": 7,
    "Recipient": "Hilton Kiehn",
    "StreetName": "4567 Medhurst Lodge",
    "HouseNumber": 43,
    "City": "New Concepcionmouth",
    "State": "California",
    "ZipCode": "40181",
    "Country": "USA"
  },
  {
    "Id": 8,
    "Recipient": "Bob Smith",
    "StreetName": "678 Sylvia Trail Suite 389",
    "HouseNumber": 5455,
    "City": "Rosenbaumtown",
    "State": "Virginia",
    "ZipCode": "37182",
    "Country": "USA"
  },
  {
    "Id": 9,
    "Recipient": "Georges Lecomte",
    "StreetName": "chemin Thomas Baudry",
    "HouseNumber": "87",
    "City": "Gallet",
    "State": "Le Gallet",
    "ZipCode": "37460",
    "Country": "France"
  },
  {
    "Id": 10,
    "Recipient": "Victor Evrard",
    "StreetName": "place Brigitte Weber",
    "HouseNumber": "56",
    "City": "Diaz",
    "State": "Labbe",
    "ZipCode": "28395",
    "Country": "France"
  },
  {
    "Id": 11,
    "Recipient": "Suzanne Tessier",
    "StreetName": "impasse de Grenier",
    "HouseNumber": "95",
    "City": "Jean",
    "State": "Pierre",
    "ZipCode": "79194",
    "Country": "France"
  },
  {
    "Id": 12,
    "Recipient": "Bob Smith",
    "StreetName": "Flat 58 Lewis Burg",
    "HouseNumber": 545,
    "City": "Barrymouth",
    "State": "North Daniel",
    "ZipCode": "ST3 1EQ",
    "Country": "UK"
  },
  {
    "Id": 13,
    "Recipient": "Evelyn Russell",
    "StreetName": "144 Thompson Neck",
    "HouseNumber": 9898,
    "City": "Isaacland",
    "State": "Archieville",
    "ZipCode": "NG17 4JY",
    "Country": "UK"
  },
  {
    "Id": 14,
    "Recipient": "Lorenzo Rizzi",
    "StreetName": "Borgo Caterina 178",
    "HouseNumber": "86",
    "City": "Mazza ligure",
    "State": "Pesaro e Urbino",
    "ZipCode": "92539",
    "Country": "Italy"
  },
  {
    "Id": 15,
    "Recipient": "Felice Marchetti",
    "StreetName": "Incrocio Xavier 7",
    "HouseNumber": 5612,
    "City": "Settimo Maruska calabro",
    "State": "Prato",
    "ZipCode": "85079",
    "Country": "Italy"
  },
  {
    "Id": 16,
    "Recipient": "Najiye",
    "StreetName": "1803 Yeoksam-ro",
    "HouseNumber": 628,
    "City": "Hanam city",
    "State": "Anseong city",
    "ZipCode": "00145",
    "Country": "South Korea"
  },
  {
    "Id": 17,
    "Recipient": "Else Lorenz",
    "StreetName": "Manfred-Meier-Ring",
    "HouseNumber": "82",
    "City": "Kassel",
    "State": "Brandenburg",
    "ZipCode": "46778",
    "Country": "Germany"
  },
  {
    "Id": 18,
    "Recipient": "Elfriede Dorn",
    "StreetName": "Schenkstr. 88b",
    "HouseNumber": 465,
    "City": "Werdau",
    "State": "Thüringen",
    "ZipCode": "44911",
    "Country": "Germany"
  },
  {
    "Id": 19,
    "Recipient": "Vinzenz Mertens",
    "StreetName": "Ulrichplatz 78b",
    "HouseNumber": 154,
    "City": "Bad Kreuznach",
    "State": "Schleswig-Holstein",
    "ZipCode": "29607",
    "Country": "Germany"
  },
  {
    "Id": 20,
    "Recipient": "Tsubasa Kimura",
    "StreetName": "Ogak",
    "HouseNumber": "467",
    "City": "Ekoda",
    "State": "Kato City",
    "ZipCode": "9805250",
    "Country": "Japan"
  },
  {
    "Id": 21,
    "Recipient": "Leo Sancho",
    "StreetName": "Plaça Rafael 244",
    "HouseNumber": "9",
    "City": "Vall Villareal",
    "State": "Asturias",
    "ZipCode": "93557",
    "Country": "Spain"
  },
  {
    "Id": 22,
    "Recipient": "Paola Granados",
    "StreetName": "Calle Santos, 3",
    "HouseNumber": "58",
    "City": "L' Mesa",
    "State": "Segovia",
    "ZipCode": "70917",
    "Country": "Spain"
  },
  {
    "Id": 23,
    "Recipient": "Julieta Correia Barbosa",
    "StreetName": "Quadra Quadra 42",
    "HouseNumber": "1225",
    "City": "Paranoá-DF",
    "State": "",
    "ZipCode": "71576",
    "Country": "Brazil"
  },
  {
    "Id": 24,
    "Recipient": "Júlio Melo Santos",
    "StreetName": "Rua Comendador João Lopes",
    "HouseNumber": "1708",
    "City": "Caçapava-SP",
    "State": "",
    "ZipCode": "12282",
    "Country": "Brazil"
  },
  {
    "Id": 25,
    "Recipient": "Park Li",
    "StreetName": "3601 Essendene Avenue",
    "HouseNumber": "1708",
    "City": "Abbotsford",
    "State": "BC",
    "ZipCode": "BC V2S 2H7",
    "Country": "Canada"
  },
  {
    "Id": 26,
    "Recipient": "Moises Collazo",
    "StreetName": "PRIV HDA SAN GERARDO",
    "HouseNumber": "102",
    "City": "Guanajuato",
    "State": "León",
    "ZipCode": "37109",
    "Country": "Mexico"
  },
  {
    "Id": 27,
    "Recipient": "Leonardo Pliego",
    "StreetName": "LOMAS DE LA SELVA",
    "HouseNumber": "12",
    "City": "Morelos",
    "State": "León",
    "ZipCode": "32340",
    "Country": "Mexico"
  },
  {
    "Id": 28,
    "Recipient": "Prabodh Hans",
    "StreetName": "1463/105, Ganesh Pura, Tri Nagar",
    "HouseNumber": "12",
    "City": "Delhi",
    "State": "Delhi",
    "ZipCode": "110035",
    "Country": "India"
  },
  {
    "Id": 29,
    "Recipient": "Amrit Bandi",
    "StreetName": "Opposite Railway Station Road",
    "HouseNumber": 921,
    "City": "Mumbai",
    "State": "Maharashtra",
    "ZipCode": "400078",
    "Country": "India"
  },
  {
    "Id": 30,
    "Recipient": "Yushu Chen",
    "StreetName": "No.63, Wanghai Road, Plan II of Sofeware Park",
    "HouseNumber": "701",
    "City": "Xiamen",
    "State": "Fujian",
    "ZipCode": "361004",
    "Country": "China"
  }
]